{
 "generated_at": "2026-07-07T09:52:09Z",
 "source": "retained: taostats account history (staked-alpha value). prices: tao.com. earned: 18% owner cut, protocol-constant ~1,296 alpha/day/subnet (no halving in window).",
 "wallets": [
  {
   "name": "Mainframe",
   "netuid": 25,
   "owner": "5F6aRdsBHajN2NhZHBTB6ibBFu7YuZZEWruWzB8x6B6GiZ4D",
   "runner": "Macrocosmos",
   "owner_alpha_day": 1294.9,
   "live_month": "2025-02",
   "retained_now_usd": 524447.6924746785,
   "retained_now_alpha": 636495.2746772865,
   "retained_now_tao": 2457.896080791,
   "total_earned_usd": 1424523.384464755,
   "total_sold_usd": 476866.05034660175,
   "net_kept_pct": 66.52451932013895,
   "series": [
    {
     "month": "2025-02",
     "baseline": true,
     "earned_alpha": 20718.4,
     "earned_tao": 170.1185304585009,
     "earned_usd": 54019.46903410164,
     "sold_alpha": 63.634812922,
     "sold_tao": 1.5462417830000001,
     "sold_usd": 490.9938963784924,
     "retained_tao": 160.454723907,
     "retained_usd": 50950.822147995954,
     "retained_alpha": 19541.464077046807,
     "alpha_usd": 2.6073185687167753,
     "tao_usd": 317.5401814752877,
     "sold_events": 3
    },
    {
     "month": "2025-03",
     "baseline": false,
     "earned_alpha": 40141.9,
     "earned_tao": 757.5987235127203,
     "earned_usd": 168069.59494180366,
     "sold_alpha": 2236.062369445,
     "sold_tao": 1815.3927129899998,
     "sold_usd": 402736.050712747,
     "retained_tao": 1210.362678102,
     "retained_usd": 268513.07787065493,
     "retained_alpha": 64131.91585490693,
     "alpha_usd": 4.186886892294676,
     "tao_usd": 221.84514007959746,
     "sold_events": 4
    },
    {
     "month": "2025-04",
     "baseline": false,
     "earned_alpha": 38847.0,
     "earned_tao": 676.6759469002126,
     "earned_usd": 242794.8268086642,
     "sold_alpha": 65.417005481,
     "sold_tao": 1.976343,
     "sold_usd": 709.1220821393807,
     "retained_tao": 1850.472224107,
     "retained_usd": 663958.9972488817,
     "retained_alpha": 106232.96840856285,
     "alpha_usd": 6.250027719223214,
     "tao_usd": 358.80516799937095,
     "sold_events": 3
    },
    {
     "month": "2025-05",
     "baseline": false,
     "earned_alpha": 40141.9,
     "earned_tao": 571.4678884171911,
     "earned_usd": 232061.52267841736,
     "sold_alpha": 545.639015199,
     "sold_tao": 83.714558358,
     "sold_usd": 33994.78479309828,
     "retained_tao": 2215.455002081,
     "retained_usd": 899651.3568459803,
     "retained_alpha": 155621.29552782758,
     "alpha_usd": 5.781029863519598,
     "tao_usd": 406.0797244813947,
     "sold_events": 6
    },
    {
     "month": "2025-06",
     "baseline": false,
     "earned_alpha": 38847.0,
     "earned_tao": 357.03041115281957,
     "earned_usd": 120190.30381740417,
     "sold_alpha": 0.0,
     "sold_tao": 0.0,
     "sold_usd": 0.0,
     "retained_tao": 1695.452642522,
     "retained_usd": 570755.2125735232,
     "retained_alpha": 184475.17843476005,
     "alpha_usd": 3.0939404282802836,
     "tao_usd": 336.638841014468,
     "sold_events": 0
    },
    {
     "month": "2025-07",
     "baseline": false,
     "earned_alpha": 40141.9,
     "earned_tao": 231.32264077541635,
     "earned_usd": 85951.20703757968,
     "sold_alpha": 0.0,
     "sold_tao": 0.0,
     "sold_usd": 0.0,
     "retained_tao": 1078.445791479,
     "retained_usd": 400711.8247980375,
     "retained_alpha": 187144.94600206718,
     "alpha_usd": 2.141184324548157,
     "tao_usd": 371.5641787136042,
     "sold_events": 0
    },
    {
     "month": "2025-08",
     "baseline": false,
     "earned_alpha": 40141.9,
     "earned_tao": 169.28448174260106,
     "earned_usd": 54817.84065580915,
     "sold_alpha": 0.0,
     "sold_tao": 0.0,
     "sold_usd": 0.0,
     "retained_tao": 916.889932155,
     "retained_usd": 296908.05490495154,
     "retained_alpha": 217419.24356383877,
     "alpha_usd": 1.3656015449146441,
     "tao_usd": 323.8208256983667,
     "sold_events": 0
    },
    {
     "month": "2025-09",
     "baseline": false,
     "earned_alpha": 38847.0,
     "earned_tao": 132.30268252051957,
     "earned_usd": 40325.40850696283,
     "sold_alpha": 0.205047164,
     "sold_tao": 0.205047164,
     "sold_usd": 62.497679517660394,
     "retained_tao": 721.901509051,
     "retained_usd": 220033.12933401414,
     "retained_alpha": 211966.28358427077,
     "alpha_usd": 1.0380572118043305,
     "tao_usd": 304.79660531983944,
     "sold_events": 1
    },
    {
     "month": "2025-10",
     "baseline": false,
     "earned_alpha": 40141.9,
     "earned_tao": 230.79645608917167,
     "earned_usd": 104681.66856979321,
     "sold_alpha": 14471.213071079,
     "sold_tao": 69.32294883,
     "sold_usd": 31442.60564771846,
     "retained_tao": 1404.282625252,
     "retained_usd": 636936.3327578666,
     "retained_alpha": 244243.66677807065,
     "alpha_usd": 2.6077905771723113,
     "tao_usd": 453.5670536004586,
     "sold_events": 1
    },
    {
     "month": "2025-11",
     "baseline": false,
     "earned_alpha": 38847.0,
     "earned_tao": 179.12604117481362,
     "earned_usd": 52796.33933495518,
     "sold_alpha": 6.550881656,
     "sold_tao": 0.034964706,
     "sold_usd": 10.305639931613168,
     "retained_tao": 1239.675727373,
     "retained_usd": 365387.0757061932,
     "retained_alpha": 268848.0282677639,
     "alpha_usd": 1.3590840820386434,
     "tao_usd": 294.7440751142929,
     "sold_events": 1
    },
    {
     "month": "2025-12",
     "baseline": false,
     "earned_alpha": 40141.9,
     "earned_tao": 160.40583915162887,
     "earned_usd": 35520.421465518884,
     "sold_alpha": 0.0,
     "sold_tao": 0.0,
     "sold_usd": 0.0,
     "retained_tao": 1386.471698279,
     "retained_usd": 307021.6105183707,
     "retained_alpha": 346967.47050795023,
     "alpha_usd": 0.8848714551508245,
     "tao_usd": 221.44095036304785,
     "sold_events": 0
    },
    {
     "month": "2026-01",
     "baseline": false,
     "earned_alpha": 40141.9,
     "earned_tao": 206.27055576474103,
     "earned_usd": 42254.824271162186,
     "sold_alpha": 0.0,
     "sold_tao": 0.0,
     "sold_usd": 0.0,
     "retained_tao": 2051.009695446,
     "retained_usd": 420152.3282768734,
     "retained_alpha": 399142.89166664064,
     "alpha_usd": 1.0526363792237583,
     "tao_usd": 204.8514588740204,
     "sold_events": 0
    },
    {
     "month": "2026-02",
     "baseline": false,
     "earned_alpha": 36257.200000000004,
     "earned_tao": 189.5310487059461,
     "earned_usd": 33089.65120798206,
     "sold_alpha": 0.0,
     "sold_tao": 0.0,
     "sold_usd": 0.0,
     "retained_tao": 2365.1305841,
     "retained_usd": 412920.9785074366,
     "retained_alpha": 452448.36241514573,
     "alpha_usd": 0.9126366958281956,
     "tao_usd": 174.5869683827901,
     "sold_events": 0
    },
    {
     "month": "2026-03",
     "baseline": false,
     "earned_alpha": 40141.9,
     "earned_tao": 190.11415918761588,
     "earned_usd": 58387.87472620791,
     "sold_alpha": 148.319761824,
     "sold_tao": 0.748186773,
     "sold_usd": 229.7831774361361,
     "retained_tao": 2215.887715167,
     "retained_usd": 680543.6000841636,
     "retained_alpha": 467876.4772364016,
     "alpha_usd": 1.4545368985077416,
     "tao_usd": 307.120074463193,
     "sold_events": 5
    },
    {
     "month": "2026-04",
     "baseline": false,
     "earned_alpha": 38847.0,
     "earned_tao": 181.74829567794706,
     "earned_usd": 45404.28749764681,
     "sold_alpha": 2750.686906721,
     "sold_tao": 13.538014708,
     "sold_usd": 3382.0614914519247,
     "retained_tao": 2380.544019169,
     "retained_usd": 594706.5673654509,
     "retained_alpha": 508819.04101331887,
     "alpha_usd": 1.1687977835520582,
     "tao_usd": 249.81960534090481,
     "sold_events": 4
    },
    {
     "month": "2026-05",
     "baseline": false,
     "earned_alpha": 40141.9,
     "earned_tao": 177.0203849321875,
     "earned_usd": 45296.67587794127,
     "sold_alpha": 277.652672291,