{
 "generated_at": "2026-07-07T09:52:09Z",
 "source": "retained: taostats account history (staked-alpha value). prices: tao.com. earned: 18% owner cut, protocol-constant ~1,296 alpha/day/subnet (no halving in window).",
 "wallets": [
  {
   "name": "Mainframe",
   "netuid": 25,
   "owner": "5F6aRdsBHajN2NhZHBTB6ibBFu7YuZZEWruWzB8x6B6GiZ4D",
   "runner": "Macrocosmos",
   "owner_alpha_day": 1294.9,
   "live_month": "2025-02",
   "retained_now_usd": 524447.6924746785,
   "retained_now_alpha": 636495.2746772865,
   "retained_now_tao": 2457.896080791,
   "total_earned_usd": 1424523.384464755,
   "total_sold_usd": 85049.70927572818,
   "net_kept_pct": 94.02960244786122,
   "series": [
    {
     "month": "2025-02",
     "baseline": true,
     "earned_alpha": 20718.4,
     "earned_tao": 170.1185304585009,
     "earned_usd": 54019.46903410164,
     "sold_alpha": 0.0,
     "sold_tao": 0.0,
     "sold_usd": 0.0,
     "retained_tao": 160.454723907,
     "retained_usd": 50950.822147995954,
     "retained_alpha": 19541.464077046807,
     "alpha_usd": 2.6073185687167753,
     "tao_usd": 317.5401814752877
    },
    {
     "month": "2025-03",
     "baseline": false,
     "earned_alpha": 40141.9,
     "earned_tao": 757.5987235127203,
     "earned_usd": 168069.59494180366,
     "sold_alpha": -4448.551777860128,
     "sold_tao": -83.95758916212424,
     "sold_usd": -18625.583128416747,
     "retained_tao": 1210.362678102,
     "retained_usd": 268513.07787065493,
     "retained_alpha": 64131.91585490693,
     "alpha_usd": 4.186886892294676,
     "tao_usd": 221.84514007959746
    },
    {
     "month": "2025-04",
     "baseline": false,
     "earned_alpha": 38847.0,
     "earned_tao": 676.6759469002126,
     "earned_usd": 242794.8268086642,
     "sold_alpha": -3254.0525536559217,
     "sold_tao": -56.68234594713042,
     "sold_usd": -20337.918660158593,
     "retained_tao": 1850.472224107,
     "retained_usd": 663958.9972488817,
     "retained_alpha": 106232.96840856285,
     "alpha_usd": 6.250027719223214,
     "tao_usd": 358.80516799937095
    },
    {
     "month": "2025-05",
     "baseline": false,
     "earned_alpha": 40141.9,
     "earned_tao": 571.4678884171911,
     "earned_usd": 232061.52267841736,
     "sold_alpha": -9246.427119264721,
     "sold_tao": -131.63393315337993,
     "sold_usd": -53453.871307326845,
     "retained_tao": 2215.455002081,
     "retained_usd": 899651.3568459803,
     "retained_alpha": 155621.29552782758,
     "alpha_usd": 5.781029863519598,
     "tao_usd": 406.0797244813947
    },
    {
     "month": "2025-06",
     "baseline": false,
     "earned_alpha": 38847.0,
     "earned_tao": 357.03041115281957,
     "earned_usd": 120190.30381740417,
     "sold_alpha": 9993.117093067529,
     "sold_tao": 91.84355817530746,
     "sold_usd": 30918.108978780372,
     "retained_tao": 1695.452642522,
     "retained_usd": 570755.2125735232,
     "retained_alpha": 184475.17843476005,
     "alpha_usd": 3.0939404282802836,
     "tao_usd": 336.638841014468
    },
    {
     "month": "2025-07",
     "baseline": false,
     "earned_alpha": 40141.9,
     "earned_tao": 231.32264077541635,
     "earned_usd": 85951.20703757968,
     "sold_alpha": 37472.132432692866,
     "sold_tao": 215.93777648334134,
     "sold_usd": 80234.74257227457,
     "retained_tao": 1078.445791479,
     "retained_usd": 400711.8247980375,
     "retained_alpha": 187144.94600206718,
     "alpha_usd": 2.141184324548157,
     "tao_usd": 371.5641787136042
    },
    {
     "month": "2025-08",
     "baseline": false,
     "earned_alpha": 40141.9,
     "earned_tao": 169.28448174260106,
     "earned_usd": 54817.84065580915,
     "sold_alpha": 9867.602438228416,
     "sold_tao": 41.613176376741606,
     "sold_usd": 13475.213134248233,
     "retained_tao": 916.889932155,
     "retained_usd": 296908.05490495154,
     "retained_alpha": 217419.24356383877,
     "alpha_usd": 1.3656015449146441,
     "tao_usd": 323.8208256983667
    },
    {
     "month": "2025-09",
     "baseline": false,
     "earned_alpha": 38847.0,
     "earned_tao": 132.30268252051957,
     "earned_usd": 40325.40850696283,
     "sold_alpha": 44299.959979568,
     "sold_tao": 150.87403250826338,
     "sold_usd": 45985.89293943378,
     "retained_tao": 721.901509051,
     "retained_usd": 220033.12933401414,
     "retained_alpha": 211966.28358427077,
     "alpha_usd": 1.0380572118043305,
     "tao_usd": 304.79660531983944
    },
    {
     "month": "2025-10",
     "baseline": false,
     "earned_alpha": 40141.9,
     "earned_tao": 230.79645608917167,
     "earned_usd": 104681.66856979321,
     "sold_alpha": 7864.516806200125,
     "sold_tao": 45.21715732749869,
     "sold_usd": 20509.012821221968,
     "retained_tao": 1404.282625252,
     "retained_usd": 636936.3327578666,
     "retained_alpha": 244243.66677807065,
     "alpha_usd": 2.6077905771723113,
     "tao_usd": 453.5670536004586
    },
    {
     "month": "2025-11",
     "baseline": false,
     "earned_alpha": 38847.0,
     "earned_tao": 179.12604117481362,
     "earned_usd": 52796.33933495518,
     "sold_alpha": 14242.638510306744,
     "sold_tao": 65.67373161982114,
     "sold_usd": 19356.943285588473,
     "retained_tao": 1239.675727373,
     "retained_usd": 365387.0757061932,
     "retained_alpha": 268848.0282677639,
     "alpha_usd": 1.3590840820386434,
     "tao_usd": 294.7440751142929
    },
    {
     "month": "2025-12",
     "baseline": false,
     "earned_alpha": 40141.9,
     "earned_tao": 160.40583915162887,
     "earned_usd": 35520.421465518884,
     "sold_alpha": -37977.542240186325,
     "sold_tao": -151.75712988058658,
     "sold_usd": -33605.24306512558,
     "retained_tao": 1386.471698279,
     "retained_usd": 307021.6105183707,
     "retained_alpha": 346967.47050795023,
     "alpha_usd": 0.8848714551508245,
     "tao_usd": 221.44095036304785
    },
    {
     "month": "2026-01",
     "baseline": false,
     "earned_alpha": 40141.9,
     "earned_tao": 206.27055576474103,
     "earned_usd": 42254.824271162186,
     "sold_alpha": -12033.521158690412,
     "sold_tao": -61.83466894217368,
     "sold_usd": -12666.92214179636,
     "retained_tao": 2051.009695446,
     "retained_usd": 420152.3282768734,
     "retained_alpha": 399142.89166664064,
     "alpha_usd": 1.0526363792237583,
     "tao_usd": 204.8514588740204
    },
    {
     "month": "2026-02",
     "baseline": false,
     "earned_alpha": 36257.200000000004,
     "earned_tao": 189.5310487059461,
     "earned_usd": 33089.65120798206,
     "sold_alpha": -17048.270748505085,
     "sold_tao": -89.11820641381775,
     "sold_usd": -15558.87748550016,
     "retained_tao": 2365.1305841,
     "retained_usd": 412920.9785074366,
     "retained_alpha": 452448.36241514573,
     "alpha_usd": 0.9126366958281956,
     "tao_usd": 174.5869683827901
    },
    {
     "month": "2026-03",
     "baseline": false,
     "earned_alpha": 40141.9,
     "earned_tao": 190.11415918761588,
     "earned_usd": 58387.87472620791,
     "sold_alpha": 24713.785178744154,
     "sold_tao": 117.04579229185235,
     "sold_usd": 35947.11244427711,
     "retained_tao": 2215.887715167,
     "retained_usd": 680543.6000841636,
     "retained_alpha": 467876.4772364016,
     "alpha_usd": 1.4545368985077416,
     "tao_usd": 307.120074463193
    },
    {
     "month": "2026-04",
     "baseline": false,
     "earned_alpha": 38847.0,
     "earned_tao": 181.74829567794706,
     "earned_usd": 45404.28749764681,
     "sold_alpha": -2095.56377691729,
     "sold_tao": -9.804235718051821,
     "sold_usd": -2449.2902977529084,
     "retained_tao": 2380.544019169,
     "retained_usd": 594706.5673654509,
     "retained_alpha": 508819.04101331887,
     "alpha_usd": 1.1687977835520582,
     "tao_usd": 249.81960534090481
    },
    {
     "month": "2026-05",
     "baseline": false,
     "earned_alpha": 40141.9,
     "earned_tao": 177.0203849321875,
     "earned_usd": 45296.67587794127,
     "sold_alpha": 5524.158568729101,
     "sold_tao": 24.360796979287663,